code,yfinance_code,exchange
600000,600000.SS,上交所
600004,600004.SS,上交所
600006,600006.SS,上交所
600007,600007.SS,上交所
600008,600008.SS,上交所
600009,600009.SS,上交所
600010,600010.SS,上交所
600011,600011.SS,上交所
600012,600012.SS,上交所
600015,600015.SS,上交所
600016,600016.SS,上交所
600017,600017.SS,上交所
600018,600018.SS,上交所
600019,600019.SS,上交所
600020,600020.SS,上交所
600021,600021.SS,上交所
600022,600022.SS,上交所
600023,600023.SS,上交所
600025,600025.SS,上交所
600026,600026.SS,上交所
600027,600027.SS,上交所
600028,600028.SS,上交所
600029,600029.SS,上交所
600030,600030.SS,上交所
600031,600031.SS,上交所
600032,600032.SS,上交所
600033,600033.SS,上交所
600035,600035.SS,上交所
600036,600036.SS,上交所
600037,600037.SS,上交所
600038,600038.SS,上交所
600039,600039.SS,上交所
600048,600048.SS,上交所
600050,600050.SS,上交所
600051,600051.SS,上交所
600052,600052.SS,上交所
600053,600053.SS,上交所
600054,600054.SS,上交所
600055,600055.SS,上交所
600056,600056.SS,上交所
600057,600057.SS,上交所
600058,600058.SS,上交所
600059,600059.SS,上交所
600060,600060.SS,上交所
600061,600061.SS,上交所
600062,600062.SS,上交所
600063,600063.SS,上交所
600064,600064.SS,上交所
600066,600066.SS,上交所
600067,600067.SS,上交所
600071,600071.SS,上交所
600072,600072.SS,上交所
600073,600073.SS,上交所
600075,600075.SS,上交所
600076,600076.SS,上交所
600078,600078.SS,上交所
600079,600079.SS,上交所
600080,600080.SS,上交所
600081,600081.SS,上交所
600082,600082.SS,上交所
600084,600084.SS,上交所
600085,600085.SS,上交所
600088,600088.SS,上交所
600089,600089.SS,上交所
600094,600094.SS,上交所
600095,600095.SS,上交所
600096,600096.SS,上交所
600097,600097.SS,上交所
600098,600098.SS,上交所
600099,600099.SS,上交所
600100,600100.SS,上交所
600101,600101.SS,上交所
600103,600103.SS,上交所
600104,600104.SS,上交所
600105,600105.SS,上交所
600106,600106.SS,上交所
600107,600107.SS,上交所
600108,600108.SS,上交所
600109,600109.SS,上交所
600110,600110.SS,上交所
600111,600111.SS,上交所
600113,600113.SS,上交所
600114,600114.SS,上交所
600115,600115.SS,上交所
600116,600116.SS,上交所
600117,600117.SS,上交所
600118,600118.SS,上交所
600119,600119.SS,上交所
600120,600120.SS,上交所
600121,600121.SS,上交所
600123,600123.SS,上交所
600125,600125.SS,上交所
600126,600126.SS,上交所
600127,600127.SS,上交所
600128,600128.SS,上交所
600129,600129.SS,上交所
600130,600130.SS,上交所
600131,600131.SS,上交所
600132,600132.SS,上交所
600133,600133.SS,上交所
600135,600135.SS,上交所
600136,600136.SS,上交所
600137,600137.SS,上交所
600138,600138.SS,上交所
600141,600141.SS,上交所
600143,600143.SS,上交所
600148,600148.SS,上交所
600149,600149.SS,上交所
600150,600150.SS,上交所
600151,600151.SS,上交所
600152,600152.SS,上交所
600153,600153.SS,上交所
600155,600155.SS,上交所
600156,600156.SS,上交所
600157,600157.SS,上交所
600158,600158.SS,上交所
600159,600159.SS,上交所
600160,600160.SS,上交所
600161,600161.SS,上交所
600162,600162.SS,上交所
600163,600163.SS,上交所
600165,600165.SS,上交所
600166,600166.SS,上交所
600167,600167.SS,上交所
600168,600168.SS,上交所
600169,600169.SS,上交所
600170,600170.SS,上交所
600171,600171.SS,上交所
600172,600172.SS,上交所
600173,600173.SS,上交所
600176,600176.SS,上交所
600177,600177.SS,上交所
600178,600178.SS,上交所
600179,600179.SS,上交所
600180,600180.SS,上交所
600182,600182.SS,上交所
600183,600183.SS,上交所
600184,600184.SS,上交所
600185,600185.SS,上交所
600186,600186.SS,上交所
600187,600187.SS,上交所
600188,600188.SS,上交所
600189,600189.SS,上交所
600191,600191.SS,上交所
600192,600192.SS,上交所
600195,600195.SS,上交所
600196,600196.SS,上交所
600197,600197.SS,上交所
600198,600198.SS,上交所
600199,600199.SS,上交所
600201,600201.SS,上交所
600202,600202.SS,上交所
600203,600203.SS,上交所
600206,600206.SS,上交所
600207,600207.SS,上交所
600208,600208.SS,上交所
600210,600210.SS,上交所
600211,600211.SS,上交所
600212,600212.SS,上交所
600215,600215.SS,上交所
600216,600216.SS,上交所
600217,600217.SS,上交所
600218,600218.SS,上交所
600219,600219.SS,上交所
600221,600221.SS,上交所
600222,600222.SS,上交所
600223,600223.SS,上交所
600226,600226.SS,上交所
600227,600227.SS,上交所
600228,600228.SS,上交所
600229,600229.SS,上交所
600230,600230.SS,上交所
600231,600231.SS,上交所
600232,600232.SS,上交所
600233,600233.SS,上交所
600234,600234.SS,上交所
600235,600235.SS,上交所
600236,600236.SS,上交所
600237,600237.SS,上交所
600238,600238.SS,上交所
600239,600239.SS,上交所
600241,600241.SS,上交所
600243,600243.SS,上交所
600246,600246.SS,上交所
600248,600248.SS,上交所
600249,600249.SS,上交所
600250,600250.SS,上交所
600251,600251.SS,上交所
600252,600252.SS,上交所
600255,600255.SS,上交所
600256,600256.SS,上交所
600257,600257.SS,上交所
600258,600258.SS,上交所
600259,600259.SS,上交所
600261,600261.SS,上交所
600262,600262.SS,上交所
600265,600265.SS,上交所
600266,600266.SS,上交所
600267,600267.SS,上交所
600268,600268.SS,上交所
600269,600269.SS,上交所
600271,600271.SS,上交所
600272,600272.SS,上交所
600273,600273.SS,上交所
600276,600276.SS,上交所
600278,600278.SS,上交所
600279,600279.SS,上交所
600280,600280.SS,上交所
600281,600281.SS,上交所
600282,600282.SS,上交所
600283,600283.SS,上交所
600284,600284.SS,上交所
600285,600285.SS,上交所
600287,600287.SS,上交所
600288,600288.SS,上交所
600289,600289.SS,上交所
600292,600292.SS,上交所
600293,600293.SS,上交所
600295,600295.SS,上交所
600298,600298.SS,上交所
600299,600299.SS,上交所
600300,600300.SS,上交所
600301,600301.SS,上交所
600302,600302.SS,上交所
600303,600303.SS,上交所
600305,600305.SS,上交所
600307,600307.SS,上交所
600308,600308.SS,上交所
600309,600309.SS,上交所
600310,600310.SS,上交所
600312,600312.SS,上交所
600313,600313.SS,上交所
600315,600315.SS,上交所
600316,600316.SS,上交所
600318,600318.SS,上交所
600319,600319.SS,上交所
600320,600320.SS,上交所
600322,600322.SS,上交所
600323,600323.SS,上交所
600325,600325.SS,上交所
600326,600326.SS,上交所
600327,600327.SS,上交所
600328,600328.SS,上交所
600329,600329.SS,上交所
600330,600330.SS,上交所
600331,600331.SS,上交所
600332,600332.SS,上交所
600333,600333.SS,上交所
600335,600335.SS,上交所
600336,600336.SS,上交所
600337,600337.SS,上交所
600338,600338.SS,上交所
600339,600339.SS,上交所
600340,600340.SS,上交所
600343,600343.SS,上交所
600345,600345.SS,上交所
600346,600346.SS,上交所
600348,600348.SS,上交所
600350,600350.SS,上交所
600351,600351.SS,上交所
600352,600352.SS,上交所
600353,600353.SS,上交所
600354,600354.SS,上交所
600356,600356.SS,上交所
600358,600358.SS,上交所
600359,600359.SS,上交所
600360,600360.SS,上交所
600361,600361.SS,上交所
600362,600362.SS,上交所
600363,600363.SS,上交所
600365,600365.SS,上交所
600366,600366.SS,上交所
600367,600367.SS,上交所
600368,600368.SS,上交所
600369,600369.SS,上交所
600370,600370.SS,上交所
600371,600371.SS,上交所
600372,600372.SS,上交所
600373,600373.SS,上交所
600375,600375.SS,上交所
600376,600376.SS,上交所
600377,600377.SS,上交所
600378,600378.SS,上交所
600379,600379.SS,上交所
600380,600380.SS,上交所
600381,600381.SS,上交所
600382,600382.SS,上交所
600383,600383.SS,上交所
600386,600386.SS,上交所
600388,600388.SS,上交所
600389,600389.SS,上交所
600390,600390.SS,上交所
600391,600391.SS,上交所
600392,600392.SS,上交所
600395,600395.SS,上交所
600396,600396.SS,上交所
600397,600397.SS,上交所
600398,600398.SS,上交所
600399,600399.SS,上交所
600400,600400.SS,上交所
600403,600403.SS,上交所
600405,600405.SS,上交所
600406,600406.SS,上交所
600408,600408.SS,上交所
600409,600409.SS,上交所
600410,600410.SS,上交所
600415,600415.SS,上交所
600416,600416.SS,上交所
600418,600418.SS,上交所
600419,600419.SS,上交所
600420,600420.SS,上交所
600421,600421.SS,上交所
600422,600422.SS,上交所
600423,600423.SS,上交所
600425,600425.SS,上交所
600426,600426.SS,上交所
600428,600428.SS,上交所
600429,600429.SS,上交所
600433,600433.SS,上交所
600435,600435.SS,上交所
600436,600436.SS,上交所
600438,600438.SS,上交所
600439,600439.SS,上交所
600444,600444.SS,上交所
600446,600446.SS,上交所
600448,600448.SS,上交所
600449,600449.SS,上交所
600452,600452.SS,上交所
600455,600455.SS,上交所
600456,600456.SS,上交所
600458,600458.SS,上交所
600459,600459.SS,上交所
600460,600460.SS,上交所
600461,600461.SS,上交所
600463,600463.SS,上交所
600467,600467.SS,上交所
600468,600468.SS,上交所
600469,600469.SS,上交所
600470,600470.SS,上交所
600475,600475.SS,上交所
600476,600476.SS,上交所
600477,600477.SS,上交所
600478,600478.SS,上交所
600479,600479.SS,上交所
600480,600480.SS,上交所
600481,600481.SS,上交所
600482,600482.SS,上交所
600483,600483.SS,上交所
600486,600486.SS,上交所
600487,600487.SS,上交所
600488,600488.SS,上交所
600489,600489.SS,上交所
600490,600490.SS,上交所
600491,600491.SS,上交所
600493,600493.SS,上交所
600495,600495.SS,上交所
600496,600496.SS,上交所
600497,600497.SS,上交所
600498,600498.SS,上交所
600499,600499.SS,上交所
600500,600500.SS,上交所
600501,600501.SS,上交所
600502,600502.SS,上交所
600503,600503.SS,上交所
600505,600505.SS,上交所
600506,600506.SS,上交所
600507,600507.SS,上交所
600508,600508.SS,上交所
600509,600509.SS,上交所
600510,600510.SS,上交所
600511,600511.SS,上交所
600512,600512.SS,上交所
600513,600513.SS,上交所
600515,600515.SS,上交所
600516,600516.SS,上交所
600517,600517.SS,上交所
600518,600518.SS,上交所
600519,600519.SS,上交所
600520,600520.SS,上交所
600521,600521.SS,上交所
600522,600522.SS,上交所
600523,600523.SS,上交所
600525,600525.SS,上交所
600526,600526.SS,上交所
600527,600527.SS,上交所
600528,600528.SS,上交所
600529,600529.SS,上交所
600530,600530.SS,上交所
600531,600531.SS,上交所
600533,600533.SS,上交所
600535,600535.SS,上交所
600536,600536.SS,上交所
600537,600537.SS,上交所
600538,600538.SS,上交所
600539,600539.SS,上交所
600540,600540.SS,上交所
600543,600543.SS,上交所
600545,600545.SS,上交所
600546,600546.SS,上交所
600547,600547.SS,上交所
600548,600548.SS,上交所
600549,600549.SS,上交所
600550,600550.SS,上交所
600551,600551.SS,上交所
600552,600552.SS,上交所
600556,600556.SS,上交所
600557,600557.SS,上交所
600558,600558.SS,上交所
600559,600559.SS,上交所
600560,600560.SS,上交所
600561,600561.SS,上交所
600562,600562.SS,上交所
600563,600563.SS,上交所
600566,600566.SS,上交所
600567,600567.SS,上交所
600568,600568.SS,上交所
600569,600569.SS,上交所
600570,600570.SS,上交所
600571,600571.SS,上交所
600572,600572.SS,上交所
600573,600573.SS,上交所
600575,600575.SS,上交所
600576,600576.SS,上交所
600577,600577.SS,上交所
600578,600578.SS,上交所
600579,600579.SS,上交所
600580,600580.SS,上交所
600581,600581.SS,上交所
600582,600582.SS,上交所
600583,600583.SS,上交所
600584,600584.SS,上交所
600585,600585.SS,上交所
600586,600586.SS,上交所
600587,600587.SS,上交所
600588,600588.SS,上交所
600589,600589.SS,上交所
600590,600590.SS,上交所
600592,600592.SS,上交所
600593,600593.SS,上交所
600594,600594.SS,上交所
600595,600595.SS,上交所
600596,600596.SS,上交所
600597,600597.SS,上交所
600598,600598.SS,上交所
600599,600599.SS,上交所
600600,600600.SS,上交所
600601,600601.SS,上交所
600602,600602.SS,上交所
600603,600603.SS,上交所
600604,600604.SS,上交所
600605,600605.SS,上交所
600606,600606.SS,上交所
600608,600608.SS,上交所
600609,600609.SS,上交所
600610,600610.SS,上交所
600611,600611.SS,上交所
600612,600612.SS,上交所
600613,600613.SS,上交所
600615,600615.SS,上交所
600616,600616.SS,上交所
600617,600617.SS,上交所
600618,600618.SS,上交所
600619,600619.SS,上交所
600620,600620.SS,上交所
600621,600621.SS,上交所
600622,600622.SS,上交所
600623,600623.SS,上交所
600624,600624.SS,上交所
600626,600626.SS,上交所
600628,600628.SS,上交所
600629,600629.SS,上交所
600630,600630.SS,上交所
600633,600633.SS,上交所
600635,600635.SS,上交所
600636,600636.SS,上交所
600637,600637.SS,上交所
600638,600638.SS,上交所
600639,600639.SS,上交所
600640,600640.SS,上交所
600641,600641.SS,上交所
600642,600642.SS,上交所
600643,600643.SS,上交所
600644,600644.SS,上交所
600645,600645.SS,上交所
600648,600648.SS,上交所
600649,600649.SS,上交所
600650,600650.SS,上交所
600651,600651.SS,上交所
600653,600653.SS,上交所
600654,600654.SS,上交所
600655,600655.SS,上交所
600657,600657.SS,上交所
600658,600658.SS,上交所
600660,600660.SS,上交所
600661,600661.SS,上交所
600662,600662.SS,上交所
600663,600663.SS,上交所
600664,600664.SS,上交所
600665,600665.SS,上交所
600666,600666.SS,上交所
600667,600667.SS,上交所
600668,600668.SS,上交所
600671,600671.SS,上交所
600673,600673.SS,上交所
600674,600674.SS,上交所
600675,600675.SS,上交所
600676,600676.SS,上交所
600678,600678.SS,上交所
600679,600679.SS,上交所
600681,600681.SS,上交所
600682,600682.SS,上交所
600683,600683.SS,上交所
600684,600684.SS,上交所
600685,600685.SS,上交所
600686,600686.SS,上交所
600688,600688.SS,上交所
600689,600689.SS,上交所
600690,600690.SS,上交所
600691,600691.SS,上交所
600692,600692.SS,上交所
600693,600693.SS,上交所
600694,600694.SS,上交所
600696,600696.SS,上交所
600697,600697.SS,上交所
600698,600698.SS,上交所
600699,600699.SS,上交所
600702,600702.SS,上交所
600703,600703.SS,上交所
600704,600704.SS,上交所
600706,600706.SS,上交所
600707,600707.SS,上交所
600708,600708.SS,上交所
600710,600710.SS,上交所
600711,600711.SS,上交所
600712,600712.SS,上交所
600713,600713.SS,上交所
600714,600714.SS,上交所
600715,600715.SS,上交所
600716,600716.SS,上交所
600717,600717.SS,上交所
600718,600718.SS,上交所
600719,600719.SS,上交所
600720,600720.SS,上交所
600721,600721.SS,上交所
600722,600722.SS,上交所
600724,600724.SS,上交所
600725,600725.SS,上交所
600726,600726.SS,上交所
600727,600727.SS,上交所
600728,600728.SS,上交所
600729,600729.SS,上交所
600730,600730.SS,上交所
600731,600731.SS,上交所
600732,600732.SS,上交所
600733,600733.SS,上交所
600734,600734.SS,上交所
600735,600735.SS,上交所
600736,600736.SS,上交所
600737,600737.SS,上交所
600738,600738.SS,上交所
600739,600739.SS,上交所
600740,600740.SS,上交所
600741,600741.SS,上交所
600742,600742.SS,上交所
600743,600743.SS,上交所
600744,600744.SS,上交所
600745,600745.SS,上交所
600746,600746.SS,上交所
600748,600748.SS,上交所
600749,600749.SS,上交所
600750,600750.SS,上交所
600751,600751.SS,上交所
600753,600753.SS,上交所
600754,600754.SS,上交所
600755,600755.SS,上交所
600756,600756.SS,上交所
600757,600757.SS,上交所
600758,600758.SS,上交所
600759,600759.SS,上交所
600760,600760.SS,上交所
600761,600761.SS,上交所
600763,600763.SS,上交所
600764,600764.SS,上交所
600765,600765.SS,上交所
600768,600768.SS,上交所
600769,600769.SS,上交所
600770,600770.SS,上交所
600771,600771.SS,上交所
600773,600773.SS,上交所
600774,600774.SS,上交所
600775,600775.SS,上交所
600776,600776.SS,上交所
600777,600777.SS,上交所
600778,600778.SS,上交所
600779,600779.SS,上交所
600780,600780.SS,上交所
600782,600782.SS,上交所
600783,600783.SS,上交所
600784,600784.SS,上交所
600785,600785.SS,上交所
600787,600787.SS,上交所
600789,600789.SS,上交所
600790,600790.SS,上交所
600791,600791.SS,上交所
600792,600792.SS,上交所
600793,600793.SS,上交所
600794,600794.SS,上交所
600795,600795.SS,上交所
600796,600796.SS,上交所
600797,600797.SS,上交所
600798,600798.SS,上交所
600800,600800.SS,上交所
600801,600801.SS,上交所
600802,600802.SS,上交所
600803,600803.SS,上交所
600805,600805.SS,上交所
600807,600807.SS,上交所
600808,600808.SS,上交所
600809,600809.SS,上交所
600810,600810.SS,上交所
600812,600812.SS,上交所
600814,600814.SS,上交所
600815,600815.SS,上交所
600816,600816.SS,上交所
600817,600817.SS,上交所
600818,600818.SS,上交所
600819,600819.SS,上交所
600820,600820.SS,上交所
600821,600821.SS,上交所
600822,600822.SS,上交所
600824,600824.SS,上交所
600825,600825.SS,上交所
600826,600826.SS,上交所
600827,600827.SS,上交所
600828,600828.SS,上交所
600829,600829.SS,上交所
600830,600830.SS,上交所
600831,600831.SS,上交所
600833,600833.SS,上交所
600834,600834.SS,上交所
600835,600835.SS,上交所
600838,600838.SS,上交所
600839,600839.SS,上交所
600841,600841.SS,上交所
600843,600843.SS,上交所
600844,600844.SS,上交所
600845,600845.SS,上交所
600846,600846.SS,上交所
600847,600847.SS,上交所
600848,600848.SS,上交所
600850,600850.SS,上交所
600851,600851.SS,上交所
600853,600853.SS,上交所
600854,600854.SS,上交所
600855,600855.SS,上交所
600857,600857.SS,上交所
600858,600858.SS,上交所
600859,600859.SS,上交所
600860,600860.SS,上交所
600861,600861.SS,上交所
600862,600862.SS,上交所
600863,600863.SS,上交所
600864,600864.SS,上交所
600865,600865.SS,上交所
600866,600866.SS,上交所
600867,600867.SS,上交所
600868,600868.SS,上交所
600869,600869.SS,上交所
600871,600871.SS,上交所
600872,600872.SS,上交所
600873,600873.SS,上交所
600874,600874.SS,上交所
600875,600875.SS,上交所
600876,600876.SS,上交所
600877,600877.SS,上交所
600879,600879.SS,上交所
600880,600880.SS,上交所
600881,600881.SS,上交所
600882,600882.SS,上交所
600883,600883.SS,上交所
600884,600884.SS,上交所
600885,600885.SS,上交所
600886,600886.SS,上交所
600887,600887.SS,上交所
600888,600888.SS,上交所
600889,600889.SS,上交所
600892,600892.SS,上交所
600893,600893.SS,上交所
600894,600894.SS,上交所
600895,600895.SS,上交所
600897,600897.SS,上交所
600900,600900.SS,上交所
600901,600901.SS,上交所
600903,600903.SS,上交所
600905,600905.SS,上交所
600906,600906.SS,上交所
600908,600908.SS,上交所
600909,600909.SS,上交所
600916,600916.SS,上交所
600917,600917.SS,上交所
600918,600918.SS,上交所
600919,600919.SS,上交所
600925,600925.SS,上交所
600926,600926.SS,上交所
600927,600927.SS,上交所
600928,600928.SS,上交所
600929,600929.SS,上交所
600930,600930.SS,上交所
600933,600933.SS,上交所
600935,600935.SS,上交所
600936,600936.SS,上交所
600938,600938.SS,上交所
600939,600939.SS,上交所
600941,600941.SS,上交所
600955,600955.SS,上交所
600956,600956.SS,上交所
600959,600959.SS,上交所
600960,600960.SS,上交所
600961,600961.SS,上交所
600962,600962.SS,上交所
600963,600963.SS,上交所
600965,600965.SS,上交所
600966,600966.SS,上交所
600967,600967.SS,上交所
600968,600968.SS,上交所
600969,600969.SS,上交所
600970,600970.SS,上交所
600971,600971.SS,上交所
600973,600973.SS,上交所
600975,600975.SS,上交所
600976,600976.SS,上交所
600977,600977.SS,上交所
600979,600979.SS,上交所
600980,600980.SS,上交所
600981,600981.SS,上交所
600982,600982.SS,上交所
600983,600983.SS,上交所
600984,600984.SS,上交所
600985,600985.SS,上交所
600986,600986.SS,上交所
600987,600987.SS,上交所
600988,600988.SS,上交所
600989,600989.SS,上交所
600990,600990.SS,上交所
600992,600992.SS,上交所
600993,600993.SS,上交所
600995,600995.SS,上交所
600996,600996.SS,上交所
600997,600997.SS,上交所
600998,600998.SS,上交所
600999,600999.SS,上交所
601000,601000.SS,上交所
601001,601001.SS,上交所
601002,601002.SS,上交所
601005,601005.SS,上交所
601006,601006.SS,上交所
601007,601007.SS,上交所
601008,601008.SS,上交所
601009,601009.SS,上交所
601010,601010.SS,上交所
601011,601011.SS,上交所
601012,601012.SS,上交所
601015,601015.SS,上交所
601016,601016.SS,上交所
601018,601018.SS,上交所
601019,601019.SS,上交所
601020,601020.SS,上交所
601021,601021.SS,上交所
601022,601022.SS,上交所
601026,601026.SS,上交所
601033,601033.SS,上交所
601038,601038.SS,上交所
601058,601058.SS,上交所
601059,601059.SS,上交所
601061,601061.SS,上交所
601065,601065.SS,上交所
601066,601066.SS,上交所
601068,601068.SS,上交所
601069,601069.SS,上交所
601077,601077.SS,上交所
601083,601083.SS,上交所
601086,601086.SS,上交所
601088,601088.SS,上交所
601089,601089.SS,上交所
601096,601096.SS,上交所
601098,601098.SS,上交所
601099,601099.SS,上交所
601100,601100.SS,上交所
601101,601101.SS,上交所
601106,601106.SS,上交所
601107,601107.SS,上交所
601108,601108.SS,上交所
601111,601111.SS,上交所
601112,601112.SS,上交所
601113,601113.SS,上交所
601116,601116.SS,上交所
601117,601117.SS,上交所
601118,601118.SS,上交所
601121,601121.SS,上交所
601126,601126.SS,上交所
601127,601127.SS,上交所
601128,601128.SS,上交所
601133,601133.SS,上交所
601136,601136.SS,上交所
601137,601137.SS,上交所
601138,601138.SS,上交所
601139,601139.SS,上交所
601155,601155.SS,上交所
601156,601156.SS,上交所
601158,601158.SS,上交所
601162,601162.SS,上交所
601163,601163.SS,上交所
601166,601166.SS,上交所
601168,601168.SS,上交所
601169,601169.SS,上交所
601177,601177.SS,上交所
601179,601179.SS,上交所
601186,601186.SS,上交所
601187,601187.SS,上交所
601188,601188.SS,上交所
601198,601198.SS,上交所
601199,601199.SS,上交所
601200,601200.SS,上交所
601208,601208.SS,上交所
601211,601211.SS,上交所
601212,601212.SS,上交所
601216,601216.SS,上交所
601218,601218.SS,上交所
601222,601222.SS,上交所
601225,601225.SS,上交所
601226,601226.SS,上交所
601228,601228.SS,上交所
601229,601229.SS,上交所
601231,601231.SS,上交所
601233,601233.SS,上交所
601236,601236.SS,上交所
601238,601238.SS,上交所
601279,601279.SS,上交所
601288,601288.SS,上交所
601298,601298.SS,上交所
601311,601311.SS,上交所
601318,601318.SS,上交所
601319,601319.SS,上交所
601326,601326.SS,上交所
601328,601328.SS,上交所
601330,601330.SS,上交所
601333,601333.SS,上交所
601336,601336.SS,上交所
601339,601339.SS,上交所
601360,601360.SS,上交所
601366,601366.SS,上交所
601368,601368.SS,上交所
601369,601369.SS,上交所
601375,601375.SS,上交所
601377,601377.SS,上交所
601388,601388.SS,上交所
601390,601390.SS,上交所
601398,601398.SS,上交所
601399,601399.SS,上交所
601456,601456.SS,上交所
601500,601500.SS,上交所
601512,601512.SS,上交所
601515,601515.SS,上交所
601518,601518.SS,上交所
601519,601519.SS,上交所
601528,601528.SS,上交所
601555,601555.SS,上交所
601566,601566.SS,上交所
601567,601567.SS,上交所
601568,601568.SS,上交所
601577,601577.SS,上交所
601579,601579.SS,上交所
601588,601588.SS,上交所
601595,601595.SS,上交所
601598,601598.SS,上交所
601599,601599.SS,上交所
601600,601600.SS,上交所
601601,601601.SS,上交所
601606,601606.SS,上交所
601607,601607.SS,上交所
601608,601608.SS,上交所
601609,601609.SS,上交所
601611,601611.SS,上交所
601615,601615.SS,上交所
601616,601616.SS,上交所
601618,601618.SS,上交所
601619,601619.SS,上交所
601628,601628.SS,上交所
601633,601633.SS,上交所
601636,601636.SS,上交所
601658,601658.SS,上交所
601665,601665.SS,上交所
601666,601666.SS,上交所
601668,601668.SS,上交所
601669,601669.SS,上交所
601677,601677.SS,上交所
601678,601678.SS,上交所
601686,601686.SS,上交所
601688,601688.SS,上交所
601689,601689.SS,上交所
601696,601696.SS,上交所
601698,601698.SS,上交所
601699,601699.SS,上交所
601700,601700.SS,上交所
601702,601702.SS,上交所
601717,601717.SS,上交所
601718,601718.SS,上交所
601727,601727.SS,上交所
601728,601728.SS,上交所
601766,601766.SS,上交所
601777,601777.SS,上交所
601778,601778.SS,上交所
601788,601788.SS,上交所
601789,601789.SS,上交所
601798,601798.SS,上交所
601799,601799.SS,上交所
601800,601800.SS,上交所
601801,601801.SS,上交所
601808,601808.SS,上交所
601811,601811.SS,上交所
601816,601816.SS,上交所
601818,601818.SS,上交所
601825,601825.SS,上交所
601827,601827.SS,上交所
601828,601828.SS,上交所
601838,601838.SS,上交所
601857,601857.SS,上交所
601858,601858.SS,上交所
601860,601860.SS,上交所
601865,601865.SS,上交所
601866,601866.SS,上交所
601868,601868.SS,上交所
601869,601869.SS,上交所
601872,601872.SS,上交所
601877,601877.SS,上交所
601878,601878.SS,上交所
601880,601880.SS,上交所
601881,601881.SS,上交所
601882,601882.SS,上交所
601886,601886.SS,上交所
601888,601888.SS,上交所
601890,601890.SS,上交所
601898,601898.SS,上交所
601899,601899.SS,上交所
601900,601900.SS,上交所
601901,601901.SS,上交所
601908,601908.SS,上交所
601916,601916.SS,上交所
601918,601918.SS,上交所
601919,601919.SS,上交所
601921,601921.SS,上交所
601928,601928.SS,上交所
601929,601929.SS,上交所
601933,601933.SS,上交所
601939,601939.SS,上交所
601949,601949.SS,上交所
601952,601952.SS,上交所
601956,601956.SS,上交所
601958,601958.SS,上交所
601963,601963.SS,上交所
601965,601965.SS,上交所
601966,601966.SS,上交所
601968,601968.SS,上交所
601969,601969.SS,上交所
601975,601975.SS,上交所
601985,601985.SS,上交所
601988,601988.SS,上交所
601990,601990.SS,上交所
601991,601991.SS,上交所
601992,601992.SS,上交所
601996,601996.SS,上交所
601997,601997.SS,上交所
601998,601998.SS,上交所
601999,601999.SS,上交所
688001,688001.SS,上交所
688002,688002.SS,上交所
688003,688003.SS,上交所
688004,688004.SS,上交所
688005,688005.SS,上交所
688006,688006.SS,上交所
688007,688007.SS,上交所
688009,688009.SS,上交所
688010,688010.SS,上交所
688011,688011.SS,上交所
688012,688012.SS,上交所
688013,688013.SS,上交所
688015,688015.SS,上交所
688016,688016.SS,上交所
688018,688018.SS,上交所
688019,688019.SS,上交所
688020,688020.SS,上交所
688021,688021.SS,上交所
688023,688023.SS,上交所
688026,688026.SS,上交所
688027,688027.SS,上交所
688029,688029.SS,上交所
688032,688032.SS,上交所
688033,688033.SS,上交所
688035,688035.SS,上交所
688036,688036.SS,上交所
688038,688038.SS,上交所
688039,688039.SS,上交所
688041,688041.SS,上交所
688045,688045.SS,上交所
688046,688046.SS,上交所
688047,688047.SS,上交所
688048,688048.SS,上交所
688050,688050.SS,上交所
688051,688051.SS,上交所
688052,688052.SS,上交所
688053,688053.SS,上交所
688055,688055.SS,上交所
688056,688056.SS,上交所
688057,688057.SS,上交所
688058,688058.SS,上交所
688059,688059.SS,上交所
688060,688060.SS,上交所
688061,688061.SS,上交所
688062,688062.SS,上交所
688063,688063.SS,上交所
688065,688065.SS,上交所
688066,688066.SS,上交所
688067,688067.SS,上交所
688068,688068.SS,上交所
688069,688069.SS,上交所
688070,688070.SS,上交所
688071,688071.SS,上交所
688072,688072.SS,上交所
688073,688073.SS,上交所
688075,688075.SS,上交所
688076,688076.SS,上交所
688077,688077.SS,上交所
688078,688078.SS,上交所
688079,688079.SS,上交所
688080,688080.SS,上交所
688081,688081.SS,上交所
688082,688082.SS,上交所
688083,688083.SS,上交所
688084,688084.SS,上交所
688085,688085.SS,上交所
688087,688087.SS,上交所
688088,688088.SS,上交所
688089,688089.SS,上交所
688090,688090.SS,上交所
688091,688091.SS,上交所
688092,688092.SS,上交所
688093,688093.SS,上交所
688095,688095.SS,上交所
688096,688096.SS,上交所
688097,688097.SS,上交所
688098,688098.SS,上交所
688099,688099.SS,上交所
688100,688100.SS,上交所
688101,688101.SS,上交所
688102,688102.SS,上交所
688103,688103.SS,上交所
688105,688105.SS,上交所
688106,688106.SS,上交所
688107,688107.SS,上交所
688108,688108.SS,上交所
688109,688109.SS,上交所
688110,688110.SS,上交所
688111,688111.SS,上交所
688112,688112.SS,上交所
688113,688113.SS,上交所
688114,688114.SS,上交所
688115,688115.SS,上交所
688116,688116.SS,上交所
688117,688117.SS,上交所
688118,688118.SS,上交所
688119,688119.SS,上交所
688120,688120.SS,上交所
688121,688121.SS,上交所
688122,688122.SS,上交所
688123,688123.SS,上交所
688125,688125.SS,上交所
688126,688126.SS,上交所
688127,688127.SS,上交所
688128,688128.SS,上交所
688129,688129.SS,上交所
688130,688130.SS,上交所
688131,688131.SS,上交所
688132,688132.SS,上交所
688133,688133.SS,上交所
688135,688135.SS,上交所
688136,688136.SS,上交所
688137,688137.SS,上交所
688138,688138.SS,上交所
688139,688139.SS,上交所
688141,688141.SS,上交所
688143,688143.SS,上交所
688146,688146.SS,上交所
688147,688147.SS,上交所
688148,688148.SS,上交所
688150,688150.SS,上交所
688151,688151.SS,上交所
688152,688152.SS,上交所
688153,688153.SS,上交所
688155,688155.SS,上交所
688156,688156.SS,上交所
688157,688157.SS,上交所
688158,688158.SS,上交所
688159,688159.SS,上交所
688160,688160.SS,上交所
688161,688161.SS,上交所
688162,688162.SS,上交所
688163,688163.SS,上交所
688165,688165.SS,上交所
688166,688166.SS,上交所
688167,688167.SS,上交所
688168,688168.SS,上交所
688169,688169.SS,上交所
688170,688170.SS,上交所
688171,688171.SS,上交所
688172,688172.SS,上交所
688173,688173.SS,上交所
688175,688175.SS,上交所
688176,688176.SS,上交所
688177,688177.SS,上交所
688178,688178.SS,上交所
688179,688179.SS,上交所
688180,688180.SS,上交所
688181,688181.SS,上交所
688182,688182.SS,上交所
688183,688183.SS,上交所
688184,688184.SS,上交所
688185,688185.SS,上交所
688186,688186.SS,上交所
688187,688187.SS,上交所
688188,688188.SS,上交所
688189,688189.SS,上交所
688190,688190.SS,上交所
688191,688191.SS,上交所
688192,688192.SS,上交所
688193,688193.SS,上交所
688195,688195.SS,上交所
688196,688196.SS,上交所
688197,688197.SS,上交所
688198,688198.SS,上交所
688199,688199.SS,上交所
688200,688200.SS,上交所
688201,688201.SS,上交所
688202,688202.SS,上交所
688203,688203.SS,上交所
688205,688205.SS,上交所
688206,688206.SS,上交所
688207,688207.SS,上交所
688208,688208.SS,上交所
688209,688209.SS,上交所
688210,688210.SS,上交所
688211,688211.SS,上交所
688212,688212.SS,上交所
688213,688213.SS,上交所
688215,688215.SS,上交所
688216,688216.SS,上交所
688217,688217.SS,上交所
688218,688218.SS,上交所
688219,688219.SS,上交所
688220,688220.SS,上交所
688221,688221.SS,上交所
688222,688222.SS,上交所
688223,688223.SS,上交所
688225,688225.SS,上交所
688226,688226.SS,上交所
688227,688227.SS,上交所
688228,688228.SS,上交所
688229,688229.SS,上交所
688230,688230.SS,上交所
688231,688231.SS,上交所
688232,688232.SS,上交所
688233,688233.SS,上交所
688234,688234.SS,上交所
688235,688235.SS,上交所
688236,688236.SS,上交所
688237,688237.SS,上交所
688238,688238.SS,上交所
688239,688239.SS,上交所
688244,688244.SS,上交所
688246,688246.SS,上交所
688247,688247.SS,上交所
688248,688248.SS,上交所
688249,688249.SS,上交所
688251,688251.SS,上交所
688252,688252.SS,上交所
688253,688253.SS,上交所
688255,688255.SS,上交所
688256,688256.SS,上交所
688257,688257.SS,上交所
688258,688258.SS,上交所
688259,688259.SS,上交所
688260,688260.SS,上交所
688261,688261.SS,上交所
688262,688262.SS,上交所
688265,688265.SS,上交所
688266,688266.SS,上交所
688267,688267.SS,上交所
688268,688268.SS,上交所
688269,688269.SS,上交所
688270,688270.SS,上交所
688271,688271.SS,上交所
688272,688272.SS,上交所
688273,688273.SS,上交所
688275,688275.SS,上交所
688276,688276.SS,上交所
688277,688277.SS,上交所
688278,688278.SS,上交所
688279,688279.SS,上交所
688280,688280.SS,上交所
688281,688281.SS,上交所
688282,688282.SS,上交所
688283,688283.SS,上交所
688285,688285.SS,上交所
688286,688286.SS,上交所
688288,688288.SS,上交所
688289,688289.SS,上交所
688290,688290.SS,上交所
688291,688291.SS,上交所
688292,688292.SS,上交所
688293,688293.SS,上交所
688295,688295.SS,上交所
688296,688296.SS,上交所
688297,688297.SS,上交所
688298,688298.SS,上交所
688299,688299.SS,上交所
688303,688303.SS,上交所
688305,688305.SS,上交所
688306,688306.SS,上交所
688307,688307.SS,上交所
688308,688308.SS,上交所
688309,688309.SS,上交所
688310,688310.SS,上交所
688312,688312.SS,上交所
688315,688315.SS,上交所
688316,688316.SS,上交所
688317,688317.SS,上交所
688318,688318.SS,上交所
688319,688319.SS,上交所
688320,688320.SS,上交所
688321,688321.SS,上交所
688322,688322.SS,上交所
688323,688323.SS,上交所
688327,688327.SS,上交所
688328,688328.SS,上交所
688329,688329.SS,上交所
688330,688330.SS,上交所
688331,688331.SS,上交所
688333,688333.SS,上交所
688334,688334.SS,上交所
688335,688335.SS,上交所
688339,688339.SS,上交所
688343,688343.SS,上交所
688345,688345.SS,上交所
688347,688347.SS,上交所
688349,688349.SS,上交所
688469,688469.SS,上交所
688489,688489.SS,上交所
688507,688507.SS,上交所
688536,688536.SS,上交所
688539,688539.SS,上交所
000017,000017.SZ,深交所
000301,000301.SZ,深交所
000333,000333.SZ,深交所
000400,000400.SZ,深交所
000401,000401.SZ,深交所
000402,000402.SZ,深交所
000403,000403.SZ,深交所
000404,000404.SZ,深交所
000407,000407.SZ,深交所
000408,000408.SZ,深交所
000409,000409.SZ,深交所
000410,000410.SZ,深交所
000411,000411.SZ,深交所
000415,000415.SZ,深交所
000417,000417.SZ,深交所
000419,000419.SZ,深交所
000420,000420.SZ,深交所
000421,000421.SZ,深交所
000422,000422.SZ,深交所
000423,000423.SZ,深交所
000425,000425.SZ,深交所
000426,000426.SZ,深交所
000428,000428.SZ,深交所
000429,000429.SZ,深交所
000430,000430.SZ,深交所
000488,000488.SZ,深交所
000498,000498.SZ,深交所
000501,000501.SZ,深交所
000503,000503.SZ,深交所
000504,000504.SZ,深交所
000505,000505.SZ,深交所
000506,000506.SZ,深交所
000507,000507.SZ,深交所
000509,000509.SZ,深交所
000510,000510.SZ,深交所
000513,000513.SZ,深交所
000514,000514.SZ,深交所
000516,000516.SZ,深交所
000517,000517.SZ,深交所
000518,000518.SZ,深交所
000519,000519.SZ,深交所
000520,000520.SZ,深交所
000521,000521.SZ,深交所
000523,000523.SZ,深交所
000524,000524.SZ,深交所
000525,000525.SZ,深交所
000526,000526.SZ,深交所
000528,000528.SZ,深交所
000529,000529.SZ,深交所
000530,000530.SZ,深交所
000531,000531.SZ,深交所
000532,000532.SZ,深交所
000533,000533.SZ,深交所
000534,000534.SZ,深交所
000536,000536.SZ,深交所
000537,000537.SZ,深交所
000538,000538.SZ,深交所
000539,000539.SZ,深交所
000541,000541.SZ,深交所
000543,000543.SZ,深交所
000544,000544.SZ,深交所
000545,000545.SZ,深交所
000546,000546.SZ,深交所
000547,000547.SZ,深交所
000548,000548.SZ,深交所
000550,000550.SZ,深交所
000551,000551.SZ,深交所
000552,000552.SZ,深交所
000553,000553.SZ,深交所
000554,000554.SZ,深交所
000555,000555.SZ,深交所
000557,000557.SZ,深交所
000558,000558.SZ,深交所
000559,000559.SZ,深交所
000560,000560.SZ,深交所
000561,000561.SZ,深交所
000563,000563.SZ,深交所
000564,000564.SZ,深交所
000565,000565.SZ,深交所
000566,000566.SZ,深交所
000567,000567.SZ,深交所
000568,000568.SZ,深交所
000570,000570.SZ,深交所
000571,000571.SZ,深交所
000572,000572.SZ,深交所
000573,000573.SZ,深交所
000576,000576.SZ,深交所
000581,000581.SZ,深交所
000582,000582.SZ,深交所
000586,000586.SZ,深交所
000589,000589.SZ,深交所
000590,000590.SZ,深交所
000591,000591.SZ,深交所
000592,000592.SZ,深交所
000593,000593.SZ,深交所
000595,000595.SZ,深交所
000596,000596.SZ,深交所
000597,000597.SZ,深交所
000598,000598.SZ,深交所
000599,000599.SZ,深交所
000600,000600.SZ,深交所
000601,000601.SZ,深交所
000603,000603.SZ,深交所
000605,000605.SZ,深交所
000607,000607.SZ,深交所
000608,000608.SZ,深交所
000609,000609.SZ,深交所
000610,000610.SZ,深交所
000612,000612.SZ,深交所
000615,000615.SZ,深交所
000617,000617.SZ,深交所
000619,000619.SZ,深交所
000620,000620.SZ,深交所
000623,000623.SZ,深交所
000625,000625.SZ,深交所
000626,000626.SZ,深交所
000628,000628.SZ,深交所
000629,000629.SZ,深交所
000630,000630.SZ,深交所
000631,000631.SZ,深交所
000632,000632.SZ,深交所
000633,000633.SZ,深交所
000635,000635.SZ,深交所
000636,000636.SZ,深交所
000637,000637.SZ,深交所
000639,000639.SZ,深交所
000650,000650.SZ,深交所
000651,000651.SZ,深交所
000652,000652.SZ,深交所
000655,000655.SZ,深交所
000656,000656.SZ,深交所
000657,000657.SZ,深交所
000659,000659.SZ,深交所
000661,000661.SZ,深交所
000663,000663.SZ,深交所
000665,000665.SZ,深交所
000668,000668.SZ,深交所
000669,000669.SZ,深交所
000670,000670.SZ,深交所
000672,000672.SZ,深交所
000676,000676.SZ,深交所
000677,000677.SZ,深交所
000678,000678.SZ,深交所
000679,000679.SZ,深交所
000680,000680.SZ,深交所
000681,000681.SZ,深交所
000682,000682.SZ,深交所
000683,000683.SZ,深交所
000685,000685.SZ,深交所
000686,000686.SZ,深交所
000688,000688.SZ,深交所
000690,000690.SZ,深交所
000691,000691.SZ,深交所
000692,000692.SZ,深交所
000695,000695.SZ,深交所
000697,000697.SZ,深交所
000698,000698.SZ,深交所
000700,000700.SZ,深交所
000701,000701.SZ,深交所
000702,000702.SZ,深交所
000703,000703.SZ,深交所
000705,000705.SZ,深交所
000707,000707.SZ,深交所
000708,000708.SZ,深交所
000710,000710.SZ,深交所
000711,000711.SZ,深交所
000712,000712.SZ,深交所
000713,000713.SZ,深交所
000715,000715.SZ,深交所
000716,000716.SZ,深交所
000717,000717.SZ,深交所
000718,000718.SZ,深交所
000719,000719.SZ,深交所
000720,000720.SZ,深交所
000721,000721.SZ,深交所
000722,000722.SZ,深交所
000723,000723.SZ,深交所
000725,000725.SZ,深交所
000726,000726.SZ,深交所
000727,000727.SZ,深交所
000728,000728.SZ,深交所
000729,000729.SZ,深交所
000731,000731.SZ,深交所
000733,000733.SZ,深交所
000735,000735.SZ,深交所
000736,000736.SZ,深交所
000737,000737.SZ,深交所
000738,000738.SZ,深交所
000739,000739.SZ,深交所
000750,000750.SZ,深交所
000751,000751.SZ,深交所
000752,000752.SZ,深交所
000753,000753.SZ,深交所
000755,000755.SZ,深交所
000756,000756.SZ,深交所
000757,000757.SZ,深交所
000758,000758.SZ,深交所
000759,000759.SZ,深交所
000761,000761.SZ,深交所
000762,000762.SZ,深交所
000766,000766.SZ,深交所
000767,000767.SZ,深交所
000768,000768.SZ,深交所
000776,000776.SZ,深交所
000777,000777.SZ,深交所
000778,000778.SZ,深交所
000779,000779.SZ,深交所
000782,000782.SZ,深交所
000783,000783.SZ,深交所
000785,000785.SZ,深交所
000786,000786.SZ,深交所
000788,000788.SZ,深交所
000789,000789.SZ,深交所
000790,000790.SZ,深交所
000791,000791.SZ,深交所
000792,000792.SZ,深交所
000793,000793.SZ,深交所
000795,000795.SZ,深交所
000796,000796.SZ,深交所
000797,000797.SZ,深交所
000798,000798.SZ,深交所
000799,000799.SZ,深交所
000800,000800.SZ,深交所
000801,000801.SZ,深交所
000802,000802.SZ,深交所
000803,000803.SZ,深交所
000807,000807.SZ,深交所
000809,000809.SZ,深交所
000810,000810.SZ,深交所
000811,000811.SZ,深交所
000812,000812.SZ,深交所
000813,000813.SZ,深交所
000815,000815.SZ,深交所
000816,000816.SZ,深交所
000818,000818.SZ,深交所
000819,000819.SZ,深交所
000820,000820.SZ,深交所
000821,000821.SZ,深交所
000822,000822.SZ,深交所
000823,000823.SZ,深交所
000825,000825.SZ,深交所
000826,000826.SZ,深交所
000828,000828.SZ,深交所
000829,000829.SZ,深交所
000830,000830.SZ,深交所
000831,000831.SZ,深交所
000833,000833.SZ,深交所
000837,000837.SZ,深交所
000838,000838.SZ,深交所
000839,000839.SZ,深交所
000848,000848.SZ,深交所
000850,000850.SZ,深交所
000852,000852.SZ,深交所
000856,000856.SZ,深交所
000858,000858.SZ,深交所
000859,000859.SZ,深交所
000860,000860.SZ,深交所
000862,000862.SZ,深交所
000863,000863.SZ,深交所
000868,000868.SZ,深交所
000869,000869.SZ,深交所
000875,000875.SZ,深交所
000876,000876.SZ,深交所
000877,000877.SZ,深交所
000878,000878.SZ,深交所
000880,000880.SZ,深交所
000881,000881.SZ,深交所
000882,000882.SZ,深交所
000883,000883.SZ,深交所
000885,000885.SZ,深交所
000886,000886.SZ,深交所
000887,000887.SZ,深交所
000888,000888.SZ,深交所
000889,000889.SZ,深交所
000890,000890.SZ,深交所
000892,000892.SZ,深交所
000893,000893.SZ,深交所
000895,000895.SZ,深交所
000897,000897.SZ,深交所
000898,000898.SZ,深交所
000899,000899.SZ,深交所
000900,000900.SZ,深交所
000901,000901.SZ,深交所
000902,000902.SZ,深交所
000903,000903.SZ,深交所
000905,000905.SZ,深交所
000906,000906.SZ,深交所
000908,000908.SZ,深交所
000909,000909.SZ,深交所
000910,000910.SZ,深交所
000911,000911.SZ,深交所
000912,000912.SZ,深交所
000913,000913.SZ,深交所
000915,000915.SZ,深交所
000917,000917.SZ,深交所
000919,000919.SZ,深交所
000920,000920.SZ,深交所
000921,000921.SZ,深交所
000922,000922.SZ,深交所
000923,000923.SZ,深交所
000925,000925.SZ,深交所
000926,000926.SZ,深交所
000927,000927.SZ,深交所
000928,000928.SZ,深交所
000929,000929.SZ,深交所
000930,000930.SZ,深交所
000931,000931.SZ,深交所
000932,000932.SZ,深交所
000933,000933.SZ,深交所
000935,000935.SZ,深交所
000936,000936.SZ,深交所
000937,000937.SZ,深交所
000938,000938.SZ,深交所
000948,000948.SZ,深交所
000949,000949.SZ,深交所
000950,000950.SZ,深交所
000951,000951.SZ,深交所
000952,000952.SZ,深交所
000953,000953.SZ,深交所
000955,000955.SZ,深交所
000957,000957.SZ,深交所
000958,000958.SZ,深交所
000959,000959.SZ,深交所
000960,000960.SZ,深交所
000962,000962.SZ,深交所
000963,000963.SZ,深交所
000965,000965.SZ,深交所
000966,000966.SZ,深交所
000967,000967.SZ,深交所
000968,000968.SZ,深交所
000969,000969.SZ,深交所
000970,000970.SZ,深交所
000972,000972.SZ,深交所
000973,000973.SZ,深交所
000975,000975.SZ,深交所
000977,000977.SZ,深交所
000978,000978.SZ,深交所
000980,000980.SZ,深交所
000981,000981.SZ,深交所
000983,000983.SZ,深交所
000985,000985.SZ,深交所
000987,000987.SZ,深交所
000988,000988.SZ,深交所
000989,000989.SZ,深交所
000990,000990.SZ,深交所
000993,000993.SZ,深交所
000995,000995.SZ,深交所
000997,000997.SZ,深交所
000998,000998.SZ,深交所
000999,000999.SZ,深交所
002001,002001.SZ,深交所
002003,002003.SZ,深交所
002004,002004.SZ,深交所
002005,002005.SZ,深交所
002006,002006.SZ,深交所
002007,002007.SZ,深交所
002008,002008.SZ,深交所
002009,002009.SZ,深交所
002010,002010.SZ,深交所
002011,002011.SZ,深交所
002012,002012.SZ,深交所
002014,002014.SZ,深交所
002015,002015.SZ,深交所
002016,002016.SZ,深交所
002017,002017.SZ,深交所
002019,002019.SZ,深交所
002020,002020.SZ,深交所
002021,002021.SZ,深交所
002022,002022.SZ,深交所
002023,002023.SZ,深交所
002024,002024.SZ,深交所
002025,002025.SZ,深交所
002026,002026.SZ,深交所
002027,002027.SZ,深交所
002028,002028.SZ,深交所
002029,002029.SZ,深交所
002030,002030.SZ,深交所
002031,002031.SZ,深交所
002032,002032.SZ,深交所
002033,002033.SZ,深交所
002034,002034.SZ,深交所
002035,002035.SZ,深交所
002036,002036.SZ,深交所
002037,002037.SZ,深交所
002038,002038.SZ,深交所
002039,002039.SZ,深交所
002040,002040.SZ,深交所
002041,002041.SZ,深交所
002042,002042.SZ,深交所
002043,002043.SZ,深交所
002044,002044.SZ,深交所
002045,002045.SZ,深交所
002046,002046.SZ,深交所
002047,002047.SZ,深交所
002048,002048.SZ,深交所
002049,002049.SZ,深交所
002050,002050.SZ,深交所
002051,002051.SZ,深交所
002052,002052.SZ,深交所
002053,002053.SZ,深交所
002054,002054.SZ,深交所
002055,002055.SZ,深交所
002056,002056.SZ,深交所
002057,002057.SZ,深交所
002058,002058.SZ,深交所
002059,002059.SZ,深交所
002060,002060.SZ,深交所
002061,002061.SZ,深交所
002062,002062.SZ,深交所
002063,002063.SZ,深交所
002064,002064.SZ,深交所
002065,002065.SZ,深交所
002066,002066.SZ,深交所
002067,002067.SZ,深交所
002068,002068.SZ,深交所
002069,002069.SZ,深交所
002072,002072.SZ,深交所
002073,002073.SZ,深交所
002074,002074.SZ,深交所
002075,002075.SZ,深交所
002076,002076.SZ,深交所
002077,002077.SZ,深交所
002078,002078.SZ,深交所
002079,002079.SZ,深交所
002080,002080.SZ,深交所
002081,002081.SZ,深交所
002082,002082.SZ,深交所
002083,002083.SZ,深交所
002084,002084.SZ,深交所
002085,002085.SZ,深交所
002086,002086.SZ,深交所
002088,002088.SZ,深交所
002090,002090.SZ,深交所
002091,002091.SZ,深交所
002092,002092.SZ,深交所
002093,002093.SZ,深交所
002094,002094.SZ,深交所
002095,002095.SZ,深交所
002096,002096.SZ,深交所
002097,002097.SZ,深交所
002098,002098.SZ,深交所
002099,002099.SZ,深交所
002100,002100.SZ,深交所
002101,002101.SZ,深交所
002102,002102.SZ,深交所
002103,002103.SZ,深交所
002104,002104.SZ,深交所
002105,002105.SZ,深交所
002107,002107.SZ,深交所
002109,002109.SZ,深交所
002110,002110.SZ,深交所
002111,002111.SZ,深交所
002114,002114.SZ,深交所
002115,002115.SZ,深交所
002116,002116.SZ,深交所
002117,002117.SZ,深交所
002119,002119.SZ,深交所
002120,002120.SZ,深交所
002121,002121.SZ,深交所
002122,002122.SZ,深交所
002123,002123.SZ,深交所
002124,002124.SZ,深交所
002125,002125.SZ,深交所
002126,002126.SZ,深交所
002129,002129.SZ,深交所
002130,002130.SZ,深交所
002131,002131.SZ,深交所
002132,002132.SZ,深交所
002134,002134.SZ,深交所
002135,002135.SZ,深交所
002136,002136.SZ,深交所
002137,002137.SZ,深交所
002138,002138.SZ,深交所
002139,002139.SZ,深交所
002140,002140.SZ,深交所
002141,002141.SZ,深交所
002142,002142.SZ,深交所
002144,002144.SZ,深交所
002145,002145.SZ,深交所
002146,002146.SZ,深交所
002148,002148.SZ,深交所
002149,002149.SZ,深交所
002150,002150.SZ,深交所
002151,002151.SZ,深交所
002152,002152.SZ,深交所
002153,002153.SZ,深交所
002154,002154.SZ,深交所
002155,002155.SZ,深交所
002156,002156.SZ,深交所
002157,002157.SZ,深交所
002158,002158.SZ,深交所
002159,002159.SZ,深交所
002160,002160.SZ,深交所
002161,002161.SZ,深交所
002162,002162.SZ,深交所
002163,002163.SZ,深交所
002164,002164.SZ,深交所
002165,002165.SZ,深交所
002166,002166.SZ,深交所
002167,002167.SZ,深交所
002168,002168.SZ,深交所
002169,002169.SZ,深交所
002170,002170.SZ,深交所
002171,002171.SZ,深交所
002172,002172.SZ,深交所
002173,002173.SZ,深交所
002174,002174.SZ,深交所
002175,002175.SZ,深交所
002176,002176.SZ,深交所
002177,002177.SZ,深交所
002178,002178.SZ,深交所
002179,002179.SZ,深交所
002180,002180.SZ,深交所
002181,002181.SZ,深交所
002182,002182.SZ,深交所
002183,002183.SZ,深交所
002184,002184.SZ,深交所
002185,002185.SZ,深交所
002186,002186.SZ,深交所
002187,002187.SZ,深交所
002188,002188.SZ,深交所
002189,002189.SZ,深交所
002190,002190.SZ,深交所
002191,002191.SZ,深交所
002192,002192.SZ,深交所
002193,002193.SZ,深交所
002194,002194.SZ,深交所
002195,002195.SZ,深交所
002196,002196.SZ,深交所
002197,002197.SZ,深交所
002198,002198.SZ,深交所
002199,002199.SZ,深交所
002200,002200.SZ,深交所
002237,002237.SZ,深交所
002254,002254.SZ,深交所
002263,002263.SZ,深交所
002278,002278.SZ,深交所
002299,002299.SZ,深交所
002385,002385.SZ,深交所
002398,002398.SZ,深交所
002431,002431.SZ,深交所
002437,002437.SZ,深交所
002470,002470.SZ,深交所
002480,002480.SZ,深交所
002551,002551.SZ,深交所
002552,002552.SZ,深交所
002553,002553.SZ,深交所
002554,002554.SZ,深交所
002555,002555.SZ,深交所
002556,002556.SZ,深交所
002557,002557.SZ,深交所
002558,002558.SZ,深交所
002559,002559.SZ,深交所
002560,002560.SZ,深交所
002561,002561.SZ,深交所
002562,002562.SZ,深交所
002563,002563.SZ,深交所
002564,002564.SZ,深交所
002565,002565.SZ,深交所
002566,002566.SZ,深交所
002567,002567.SZ,深交所
002568,002568.SZ,深交所
002569,002569.SZ,深交所
002570,002570.SZ,深交所
002571,002571.SZ,深交所
002572,002572.SZ,深交所
002573,002573.SZ,深交所
002574,002574.SZ,深交所
002575,002575.SZ,深交所
002576,002576.SZ,深交所
002577,002577.SZ,深交所
002578,002578.SZ,深交所
002579,002579.SZ,深交所
002580,002580.SZ,深交所
002581,002581.SZ,深交所
002582,002582.SZ,深交所
002583,002583.SZ,深交所
002584,002584.SZ,深交所
002585,002585.SZ,深交所
002586,002586.SZ,深交所
002587,002587.SZ,深交所
002588,002588.SZ,深交所
002589,002589.SZ,深交所
002590,002590.SZ,深交所
002591,002591.SZ,深交所
002592,002592.SZ,深交所
002593,002593.SZ,深交所
002594,002594.SZ,深交所
002595,002595.SZ,深交所
002596,002596.SZ,深交所
002597,002597.SZ,深交所
002598,002598.SZ,深交所
002599,002599.SZ,深交所
002600,002600.SZ,深交所
002602,002602.SZ,深交所
002606,002606.SZ,深交所
002607,002607.SZ,深交所
002608,002608.SZ,深交所
002609,002609.SZ,深交所
002613,002613.SZ,深交所
002615,002615.SZ,深交所
002622,002622.SZ,深交所
002630,002630.SZ,深交所
002633,002633.SZ,深交所
002640,002640.SZ,深交所
002641,002641.SZ,深交所
002643,002643.SZ,深交所
002644,002644.SZ,深交所
002646,002646.SZ,深交所
002647,002647.SZ,深交所
002651,002651.SZ,深交所
002653,002653.SZ,深交所
002654,002654.SZ,深交所
002655,002655.SZ,深交所
002656,002656.SZ,深交所
002658,002658.SZ,深交所
002660,002660.SZ,深交所
002662,002662.SZ,深交所
002663,002663.SZ,深交所
002664,002664.SZ,深交所
002667,002667.SZ,深交所
002668,002668.SZ,深交所
002669,002669.SZ,深交所
002670,002670.SZ,深交所
002672,002672.SZ,深交所
002673,002673.SZ,深交所
002675,002675.SZ,深交所
002678,002678.SZ,深交所
002681,002681.SZ,深交所
002682,002682.SZ,深交所
002686,002686.SZ,深交所
002687,002687.SZ,深交所
002690,002690.SZ,深交所
002691,002691.SZ,深交所
002692,002692.SZ,深交所
002693,002693.SZ,深交所
002695,002695.SZ,深交所
002696,002696.SZ,深交所
002697,002697.SZ,深交所
002700,002700.SZ,深交所
002753,002753.SZ,深交所
002755,002755.SZ,深交所
002756,002756.SZ,深交所
002757,002757.SZ,深交所
002758,002758.SZ,深交所
002760,002760.SZ,深交所
002763,002763.SZ,深交所
002765,002765.SZ,深交所
002766,002766.SZ,深交所
002767,002767.SZ,深交所
002771,002771.SZ,深交所
002772,002772.SZ,深交所
002774,002774.SZ,深交所
002778,002778.SZ,深交所
002779,002779.SZ,深交所
002783,002783.SZ,深交所
002785,002785.SZ,深交所
002787,002787.SZ,深交所
002789,002789.SZ,深交所
002790,002790.SZ,深交所
002791,002791.SZ,深交所
002792,002792.SZ,深交所
002793,002793.SZ,深交所
002795,002795.SZ,深交所
002815,002815.SZ,深交所
002860,002860.SZ,深交所
002861,002861.SZ,深交所
002875,002875.SZ,深交所
002877,002877.SZ,深交所
002887,002887.SZ,深交所
002892,002892.SZ,深交所
002895,002895.SZ,深交所
002901,002901.SZ,深交所
002902,002902.SZ,深交所
002903,002903.SZ,深交所
002906,002906.SZ,深交所
002908,002908.SZ,深交所
002909,002909.SZ,深交所
002910,002910.SZ,深交所
002913,002913.SZ,深交所
002915,002915.SZ,深交所
002916,002916.SZ,深交所
002917,002917.SZ,深交所
002918,002918.SZ,深交所
002920,002920.SZ,深交所
002921,002921.SZ,深交所
002923,002923.SZ,深交所
002926,002926.SZ,深交所
002927,002927.SZ,深交所
002928,002928.SZ,深交所
002930,002930.SZ,深交所
002931,002931.SZ,深交所
002933,002933.SZ,深交所
002935,002935.SZ,深交所
002936,002936.SZ,深交所
002937,002937.SZ,深交所
002938,002938.SZ,深交所
002941,002941.SZ,深交所
002943,002943.SZ,深交所
002945,002945.SZ,深交所
002946,002946.SZ,深交所
002947,002947.SZ,深交所
002948,002948.SZ,深交所
002949,002949.SZ,深交所
002950,002950.SZ,深交所
300053,300053.SZ,深交所
300063,300063.SZ,深交所
300073,300073.SZ,深交所
300085,300085.SZ,深交所
300086,300086.SZ,深交所
300091,300091.SZ,深交所
300094,300094.SZ,深交所
300095,300095.SZ,深交所
300154,300154.SZ,深交所
300155,300155.SZ,深交所
300161,300161.SZ,深交所
300165,300165.SZ,深交所
300166,300166.SZ,深交所
300194,300194.SZ,深交所
300196,300196.SZ,深交所
300198,300198.SZ,深交所
300203,300203.SZ,深交所
300204,300204.SZ,深交所
300205,300205.SZ,深交所
300206,300206.SZ,深交所
300209,300209.SZ,深交所
300211,300211.SZ,深交所
300213,300213.SZ,深交所
300215,300215.SZ,深交所
300217,300217.SZ,深交所
300218,300218.SZ,深交所
300219,300219.SZ,深交所
300220,300220.SZ,深交所
300221,300221.SZ,深交所
300222,300222.SZ,深交所
300224,300224.SZ,深交所
300225,300225.SZ,深交所
300226,300226.SZ,深交所
300227,300227.SZ,深交所
300228,300228.SZ,深交所
300229,300229.SZ,深交所
300231,300231.SZ,深交所
300232,300232.SZ,深交所
300233,300233.SZ,深交所
300234,300234.SZ,深交所
300235,300235.SZ,深交所
300236,300236.SZ,深交所
300238,300238.SZ,深交所
300239,300239.SZ,深交所
300240,300240.SZ,深交所
300241,300241.SZ,深交所
300242,300242.SZ,深交所
300244,300244.SZ,深交所
300245,300245.SZ,深交所
300248,300248.SZ,深交所
300249,300249.SZ,深交所
300451,300451.SZ,深交所
300452,300452.SZ,深交所
300453,300453.SZ,深交所
300454,300454.SZ,深交所
300455,300455.SZ,深交所
300456,300456.SZ,深交所
300457,300457.SZ,深交所
300458,300458.SZ,深交所
300459,300459.SZ,深交所
300460,300460.SZ,深交所
300461,300461.SZ,深交所
300462,300462.SZ,深交所
300463,300463.SZ,深交所
300464,300464.SZ,深交所
300465,300465.SZ,深交所
300466,300466.SZ,深交所
300467,300467.SZ,深交所
300468,300468.SZ,深交所
300469,300469.SZ,深交所
300470,300470.SZ,深交所
300471,300471.SZ,深交所
300472,300472.SZ,深交所
300473,300473.SZ,深交所
300474,300474.SZ,深交所
300475,300475.SZ,深交所
300476,300476.SZ,深交所
300477,300477.SZ,深交所
300478,300478.SZ,深交所
300479,300479.SZ,深交所
300480,300480.SZ,深交所
300481,300481.SZ,深交所
300482,300482.SZ,深交所
300483,300483.SZ,深交所
300484,300484.SZ,深交所
300485,300485.SZ,深交所
300486,300486.SZ,深交所
300487,300487.SZ,深交所
300488,300488.SZ,深交所
300489,300489.SZ,深交所
300490,300490.SZ,深交所
300491,300491.SZ,深交所
300492,300492.SZ,深交所
300493,300493.SZ,深交所
300494,300494.SZ,深交所
300496,300496.SZ,深交所
300497,300497.SZ,深交所
300498,300498.SZ,深交所
300499,300499.SZ,深交所
300500,300500.SZ,深交所
300551,300551.SZ,深交所
300553,300553.SZ,深交所
300554,300554.SZ,深交所
300555,300555.SZ,深交所
300558,300558.SZ,深交所
300559,300559.SZ,深交所
300560,300560.SZ,深交所
300567,300567.SZ,深交所
300568,300568.SZ,深交所
300569,300569.SZ,深交所
300571,300571.SZ,深交所
300575,300575.SZ,深交所
300576,300576.SZ,深交所
300577,300577.SZ,深交所
300579,300579.SZ,深交所
300581,300581.SZ,深交所
300582,300582.SZ,深交所
300583,300583.SZ,深交所
300585,300585.SZ,深交所
300586,300586.SZ,深交所
300588,300588.SZ,深交所
300589,300589.SZ,深交所
300590,300590.SZ,深交所
300591,300591.SZ,深交所
300592,300592.SZ,深交所
300593,300593.SZ,深交所
300594,300594.SZ,深交所
300598,300598.SZ,深交所
300599,300599.SZ,深交所
300627,300627.SZ,深交所
300629,300629.SZ,深交所
300651,300651.SZ,深交所
300652,300652.SZ,深交所
300653,300653.SZ,深交所
300654,300654.SZ,深交所
300655,300655.SZ,深交所
300656,300656.SZ,深交所
300657,300657.SZ,深交所
300658,300658.SZ,深交所
300659,300659.SZ,深交所
300660,300660.SZ,深交所
300661,300661.SZ,深交所
300662,300662.SZ,深交所
300663,300663.SZ,深交所
300664,300664.SZ,深交所
300665,300665.SZ,深交所
300666,300666.SZ,深交所
300667,300667.SZ,深交所
300668,300668.SZ,深交所
300669,300669.SZ,深交所
300670,300670.SZ,深交所
300671,300671.SZ,深交所
300672,300672.SZ,深交所
300673,300673.SZ,深交所
300674,300674.SZ,深交所
300675,300675.SZ,深交所
300676,300676.SZ,深交所
300677,300677.SZ,深交所
300678,300678.SZ,深交所
300679,300679.SZ,深交所
300680,300680.SZ,深交所
300681,300681.SZ,深交所
300682,300682.SZ,深交所
300683,300683.SZ,深交所
300684,300684.SZ,深交所
300685,300685.SZ,深交所
300686,300686.SZ,深交所
300687,300687.SZ,深交所
300688,300688.SZ,深交所
300689,300689.SZ,深交所
300690,300690.SZ,深交所
300691,300691.SZ,深交所
300692,300692.SZ,深交所
300693,300693.SZ,深交所
300694,300694.SZ,深交所
300695,300695.SZ,深交所
300696,300696.SZ,深交所
300697,300697.SZ,深交所
300698,300698.SZ,深交所
300699,300699.SZ,深交所
300700,300700.SZ,深交所
300751,300751.SZ,深交所
300752,300752.SZ,深交所
300753,300753.SZ,深交所
300755,300755.SZ,深交所
300756,300756.SZ,深交所
300757,300757.SZ,深交所
300758,300758.SZ,深交所
300759,300759.SZ,深交所
300760,300760.SZ,深交所
300761,300761.SZ,深交所
300762,300762.SZ,深交所
300763,300763.SZ,深交所
300765,300765.SZ,深交所
300766,300766.SZ,深交所
300767,300767.SZ,深交所
300768,300768.SZ,深交所
300769,300769.SZ,深交所
300770,300770.SZ,深交所
300771,300771.SZ,深交所
300772,300772.SZ,深交所
300773,300773.SZ,深交所
300774,300774.SZ,深交所
300775,300775.SZ,深交所
300776,300776.SZ,深交所
300777,300777.SZ,深交所
300778,300778.SZ,深交所
300779,300779.SZ,深交所
300780,300780.SZ,深交所
300781,300781.SZ,深交所
300782,300782.SZ,深交所
300783,300783.SZ,深交所
300784,300784.SZ,深交所
300785,300785.SZ,深交所
300786,300786.SZ,深交所
300787,300787.SZ,深交所
300788,300788.SZ,深交所
300789,300789.SZ,深交所
300790,300790.SZ,深交所
300791,300791.SZ,深交所
300792,300792.SZ,深交所
300793,300793.SZ,深交所
300795,300795.SZ,深交所
300796,300796.SZ,深交所
300797,300797.SZ,深交所
300798,300798.SZ,深交所
300800,300800.SZ,深交所
300801,300801.SZ,深交所
300802,300802.SZ,深交所
300803,300803.SZ,深交所
300804,300804.SZ,深交所
300805,300805.SZ,深交所
300806,300806.SZ,深交所
300808,300808.SZ,深交所
300809,300809.SZ,深交所
300810,300810.SZ,深交所
300811,300811.SZ,深交所
300812,300812.SZ,深交所
300813,300813.SZ,深交所
300814,300814.SZ,深交所
300815,300815.SZ,深交所
300816,300816.SZ,深交所
300817,300817.SZ,深交所
300818,300818.SZ,深交所
300819,300819.SZ,深交所
300820,300820.SZ,深交所
300821,300821.SZ,深交所
300822,300822.SZ,深交所
300823,300823.SZ,深交所
300824,300824.SZ,深交所
300825,300825.SZ,深交所
300826,300826.SZ,深交所
300827,300827.SZ,深交所
300828,300828.SZ,深交所
300829,300829.SZ,深交所
300830,300830.SZ,深交所
300831,300831.SZ,深交所
300832,300832.SZ,深交所
300833,300833.SZ,深交所
300834,300834.SZ,深交所
300835,300835.SZ,深交所
300836,300836.SZ,深交所
300837,300837.SZ,深交所
300838,300838.SZ,深交所
300839,300839.SZ,深交所
300840,300840.SZ,深交所
300841,300841.SZ,深交所
300842,300842.SZ,深交所
300843,300843.SZ,深交所
300844,300844.SZ,深交所
300845,300845.SZ,深交所
300846,300846.SZ,深交所
300847,300847.SZ,深交所
300848,300848.SZ,深交所
300849,300849.SZ,深交所
300850,300850.SZ,深交所
300851,300851.SZ,深交所
300852,300852.SZ,深交所
300853,300853.SZ,深交所
300855,300855.SZ,深交所
300856,300856.SZ,深交所
300857,300857.SZ,深交所
300861,300861.SZ,深交所
300862,300862.SZ,深交所
300863,300863.SZ,深交所
300865,300865.SZ,深交所
300866,300866.SZ,深交所
300869,300869.SZ,深交所
300873,300873.SZ,深交所
300876,300876.SZ,深交所
300877,300877.SZ,深交所
300878,300878.SZ,深交所
300880,300880.SZ,深交所
300881,300881.SZ,深交所
300884,300884.SZ,深交所
300885,300885.SZ,深交所
300886,300886.SZ,深交所
300887,300887.SZ,深交所
300890,300890.SZ,深交所
300891,300891.SZ,深交所
300892,300892.SZ,深交所
300893,300893.SZ,深交所
300896,300896.SZ,深交所
300898,300898.SZ,深交所
300899,300899.SZ,深交所
301000,301000.SZ,深交所
301006,301006.SZ,深交所
301009,301009.SZ,深交所
301013,301013.SZ,深交所
301024,301024.SZ,深交所
301031,301031.SZ,深交所
301053,301053.SZ,深交所
301057,301057.SZ,深交所
301063,301063.SZ,深交所
301073,301073.SZ,深交所
301078,301078.SZ,深交所
301083,301083.SZ,深交所
301100,301100.SZ,深交所
301138,301138.SZ,深交所
301139,301139.SZ,深交所
301151,301151.SZ,深交所
301152,301152.SZ,深交所
301153,301153.SZ,深交所
301155,301155.SZ,深交所
301156,301156.SZ,深交所
301157,301157.SZ,深交所
301158,301158.SZ,深交所
301159,301159.SZ,深交所
301160,301160.SZ,深交所
301161,301161.SZ,深交所
301162,301162.SZ,深交所
301163,301163.SZ,深交所
301165,301165.SZ,深交所
301166,301166.SZ,深交所
301167,301167.SZ,深交所
301168,301168.SZ,深交所
301169,301169.SZ,深交所
301170,301170.SZ,深交所
301171,301171.SZ,深交所
301172,301172.SZ,深交所
301173,301173.SZ,深交所
301175,301175.SZ,深交所
301176,301176.SZ,深交所
301177,301177.SZ,深交所
301178,301178.SZ,深交所
301179,301179.SZ,深交所
301180,301180.SZ,深交所
301181,301181.SZ,深交所
301182,301182.SZ,深交所
301183,301183.SZ,深交所
301185,301185.SZ,深交所
301186,301186.SZ,深交所
301187,301187.SZ,深交所
301188,301188.SZ,深交所
301189,301189.SZ,深交所
301190,301190.SZ,深交所
301191,301191.SZ,深交所
301192,301192.SZ,深交所
301193,301193.SZ,深交所
301195,301195.SZ,深交所
301196,301196.SZ,深交所
301197,301197.SZ,深交所
301198,301198.SZ,深交所
301199,301199.SZ,深交所
301200,301200.SZ,深交所
301201,301201.SZ,深交所
301202,301202.SZ,深交所
301203,301203.SZ,深交所
301205,301205.SZ,深交所
301206,301206.SZ,深交所
301207,301207.SZ,深交所
301208,301208.SZ,深交所
301209,301209.SZ,深交所
301210,301210.SZ,深交所
301211,301211.SZ,深交所
301212,301212.SZ,深交所
301213,301213.SZ,深交所
301215,301215.SZ,深交所
301216,301216.SZ,深交所
301217,301217.SZ,深交所
301218,301218.SZ,深交所
301219,301219.SZ,深交所
301220,301220.SZ,深交所
301221,301221.SZ,深交所
301222,301222.SZ,深交所
301223,301223.SZ,深交所
301225,301225.SZ,深交所
301226,301226.SZ,深交所
301227,301227.SZ,深交所
301228,301228.SZ,深交所
301229,301229.SZ,深交所
301230,301230.SZ,深交所
301231,301231.SZ,深交所
301232,301232.SZ,深交所
301233,301233.SZ,深交所
301234,301234.SZ,深交所
301235,301235.SZ,深交所
301236,301236.SZ,深交所
301237,301237.SZ,深交所
301238,301238.SZ,深交所
301239,301239.SZ,深交所
301246,301246.SZ,深交所
301248,301248.SZ,深交所
301251,301251.SZ,深交所
301252,301252.SZ,深交所
301255,301255.SZ,深交所
301256,301256.SZ,深交所
301257,301257.SZ,深交所
301258,301258.SZ,深交所
301259,301259.SZ,深交所
301260,301260.SZ,深交所
301261,301261.SZ,深交所
301262,301262.SZ,深交所
301263,301263.SZ,深交所
301265,301265.SZ,深交所
301266,301266.SZ,深交所
301267,301267.SZ,深交所
301268,301268.SZ,深交所
301269,301269.SZ,深交所
301270,301270.SZ,深交所
301272,301272.SZ,深交所
301273,301273.SZ,深交所
301275,301275.SZ,深交所
301276,301276.SZ,深交所
301277,301277.SZ,深交所
301278,301278.SZ,深交所
301279,301279.SZ,深交所
301280,301280.SZ,深交所
301281,301281.SZ,深交所
301282,301282.SZ,深交所
301283,301283.SZ,深交所
301285,301285.SZ,深交所
301286,301286.SZ,深交所
301287,301287.SZ,深交所
301288,301288.SZ,深交所
301289,301289.SZ,深交所
301290,301290.SZ,深交所
301291,301291.SZ,深交所
301292,301292.SZ,深交所
301293,301293.SZ,深交所
301295,301295.SZ,深交所
301296,301296.SZ,深交所
301297,301297.SZ,深交所
301298,301298.SZ,深交所
301299,301299.SZ,深交所
301300,301300.SZ,深交所
301301,301301.SZ,深交所
301302,301302.SZ,深交所
301303,301303.SZ,深交所
301305,301305.SZ,深交所
301306,301306.SZ,深交所
301307,301307.SZ,深交所
301308,301308.SZ,深交所
301309,301309.SZ,深交所
301310,301310.SZ,深交所
301311,301311.SZ,深交所
301312,301312.SZ,深交所
301313,301313.SZ,深交所
301314,301314.SZ,深交所
301315,301315.SZ,深交所
301316,301316.SZ,深交所
301317,301317.SZ,深交所
301318,301318.SZ,深交所
301319,301319.SZ,深交所
301320,301320.SZ,深交所
301321,301321.SZ,深交所
301322,301322.SZ,深交所
301323,301323.SZ,深交所
301325,301325.SZ,深交所
301326,301326.SZ,深交所
301327,301327.SZ,深交所
301328,301328.SZ,深交所
301329,301329.SZ,深交所
301330,301330.SZ,深交所
301331,301331.SZ,深交所
301332,301332.SZ,深交所
301333,301333.SZ,深交所
301335,301335.SZ,深交所
301336,301336.SZ,深交所
301337,301337.SZ,深交所
301338,301338.SZ,深交所
301339,301339.SZ,深交所
301345,301345.SZ,深交所
301348,301348.SZ,深交所
301349,301349.SZ,深交所
301353,301353.SZ,深交所
301355,301355.SZ,深交所
301356,301356.SZ,深交所
301357,301357.SZ,深交所
301358,301358.SZ,深交所
301359,301359.SZ,深交所
301360,301360.SZ,深交所
301361,301361.SZ,深交所
301362,301362.SZ,深交所
301363,301363.SZ,深交所
301365,301365.SZ,深交所
301366,301366.SZ,深交所
301367,301367.SZ,深交所
301368,301368.SZ,深交所
301369,301369.SZ,深交所
301370,301370.SZ,深交所
301371,301371.SZ,深交所
301372,301372.SZ,深交所
301373,301373.SZ,深交所
301376,301376.SZ,深交所
301377,301377.SZ,深交所
301378,301378.SZ,深交所
301379,301379.SZ,深交所
301380,301380.SZ,深交所
301381,301381.SZ,深交所
301382,301382.SZ,深交所
301383,301383.SZ,深交所
301386,301386.SZ,深交所
301387,301387.SZ,深交所
301388,301388.SZ,深交所
301389,301389.SZ,深交所
301390,301390.SZ,深交所
301391,301391.SZ,深交所
301392,301392.SZ,深交所
301393,301393.SZ,深交所
301395,301395.SZ,深交所
301396,301396.SZ,深交所
301397,301397.SZ,深交所
301398,301398.SZ,深交所
301399,301399.SZ,深交所
301408,301408.SZ,深交所
301413,301413.SZ,深交所
301418,301418.SZ,深交所
301419,301419.SZ,深交所
301421,301421.SZ,深交所
301429,301429.SZ,深交所
301439,301439.SZ,深交所
301446,301446.SZ,深交所
